system:index,S1A_IW_GRDH_1SDV_20190509T191728_20190509T191753_027155_030F9D_90D2_VH,S1A_IW_GRDH_1SDV_20190521T191728_20190521T191753_027330_031517_5AC9_VH,S1A_IW_GRDH_1SDV_20190602T191729_20190602T191754_027505_031A86_830E_VH,S1A_IW_GRDH_1SDV_20190614T191729_20190614T191754_027680_031FD2_46C9_VH,S1A_IW_GRDH_1SDV_20190626T191730_20190626T191755_027855_03250D_0BA0_VH,S1A_IW_GRDH_1SDV_20190708T191731_20190708T191756_028030_032A60_1509_VH,S1A_IW_GRDH_1SDV_20190720T191732_20190720T191757_028205_032FA6_D778_VH,S1A_IW_GRDH_1SDV_20190801T191733_20190801T191758_028380_0334FC_961C_VH,S1A_IW_GRDH_1SDV_20190813T191734_20190813T191759_028555_033AB3_3B65_VH,S1A_IW_GRDH_1SDV_20190825T191734_20190825T191759_028730_0340BE_FF35_VH,S1A_IW_GRDH_1SDV_20190906T191735_20190906T191800_028905_0346DA_4BC0_VH,S1A_IW_GRDH_1SDV_20190918T191735_20190918T191800_029080_034CE9_F98A_VH,S1A_IW_GRDH_1SDV_20190930T191736_20190930T191801_029255_0352EF_E4A7_VH,S1A_IW_GRDH_1SDV_20191012T191736_20191012T191801_029430_0358EF_D14D_VH,S1A_IW_GRDH_1SDV_20191024T191735_20191024T191800_029605_035EF2_EED6_VH,S1A_IW_GRDH_1SDV_20191105T191736_20191105T191801_029780_036517_F075_VH,S1A_IW_GRDH_1SDV_20191117T191735_20191117T191800_029955_036B38_07BB_VH,S1A_IW_GRDH_1SDV_20191129T191735_20191129T191800_030130_037148_2E22_VH,S1A_IW_GRDH_1SDV_20191211T191735_20191211T191800_030305_03774D_F5CE_VH,S1A_IW_GRDH_1SDV_20191223T191734_20191223T191759_030480_037D5B_2EF0_VH,S1A_IW_GRDH_1SDV_20200104T191734_20200104T191759_030655_038365_08DC_VH,S1A_IW_GRDH_1SDV_20200116T191733_20200116T191758_030830_038983_9608_VH,S1A_IW_GRDH_1SDV_20200128T191733_20200128T191758_031005_038FAD_8185_VH,S1A_IW_GRDH_1SDV_20200209T191732_20200209T191757_031180_0395C5_BD28_VH,S1A_IW_GRDH_1SDV_20200221T191732_20200221T191757_031355_039BCA_9C99_VH,S1A_IW_GRDH_1SDV_20200304T191732_20200304T191757_031530_03A1DA_709F_VH,S1A_IW_GRDH_1SDV_20200316T191732_20200316T191757_031705_03A7E8_5229_VH,S1A_IW_GRDH_1SDV_20200328T191732_20200328T191757_031880_03AE0F_829A_VH,S1A_IW_GRDH_1SDV_20200409T191733_20200409T191758_032055_03B441_5EA8_VH,S1A_IW_GRDH_1SDV_20200421T191733_20200421T191758_032230_03BA64_6E3D_VH,S1A_IW_GRDH_1SDV_20200503T191734_20200503T191759_032405_03C08D_3891_VH,S1A_IW_GRDH_1SDV_20200515T191735_20200515T191800_032580_03C606_0300_VH,S1A_IW_GRDH_1SDV_20200527T191735_20200527T191800_032755_03CB53_7273_VH,S1A_IW_GRDH_1SDV_20200608T191736_20200608T191801_032930_03D07A_09CE_VH,S1A_IW_GRDH_1SDV_20200620T191737_20200620T191802_033105_03D5C8_9897_VH,S1A_IW_GRDH_1SDV_20200702T191737_20200702T191802_033280_03DB15_3B5C_VH,S1A_IW_GRDH_1SDV_20200714T191738_20200714T191803_033455_03E06C_E6A0_VH,S1A_IW_GRDH_1SDV_20200726T191739_20200726T191804_033630_03E5CA_321B_VH,S1A_IW_GRDH_1SDV_20200807T191739_20200807T191804_033805_03EB51_37A5_VH,S1A_IW_GRDH_1SDV_20200819T191740_20200819T191805_033980_03F176_A9BB_VH,S1A_IW_GRDH_1SDV_20200831T191741_20200831T191806_034155_03F7A1_2DB1_VH,S1A_IW_GRDH_1SDV_20200912T191741_20200912T191806_034330_03FDC3_4AE6_VH,S1A_IW_GRDH_1SDV_20200924T191742_20200924T191807_034505_0403ED_9C2F_VH,S1A_IW_GRDH_1SDV_20201006T191742_20201006T191807_034680_040A19_69F0_VH,S1A_IW_GRDH_1SDV_20201018T191742_20201018T191807_034855_04103E_3B19_VH,S1A_IW_GRDH_1SDV_20201030T191742_20201030T191807_035030_041628_584E_VH,S1A_IW_GRDH_1SDV_20201111T191742_20201111T191807_035205_041C4C_BAD2_VH,S1A_IW_GRDH_1SDV_20201123T191741_20201123T191806_035380_042255_7CB3_VH,S1A_IW_GRDH_1SDV_20201205T191741_20201205T191806_035555_04285C_2231_VH,S1A_IW_GRDH_1SDV_20201217T191741_20201217T191806_035730_042E65_E247_VH,S1A_IW_GRDH_1SDV_20201229T191740_20201229T191805_035905_043486_005E_VH,S1A_IW_GRDH_1SDV_20210110T191739_20210110T191804_036080_043A9E_39F9_VH,S1A_IW_GRDH_1SDV_20210122T191739_20210122T191804_036255_0440BA_9EFA_VH,S1A_IW_GRDH_1SDV_20210203T191738_20210203T191803_036430_0446C8_B5CC_VH,S1A_IW_GRDH_1SDV_20210215T191738_20210215T191803_036605_044CE6_5201_VH,S1A_IW_GRDH_1SDV_20210227T191738_20210227T191803_036780_0452F4_C36E_VH,S1A_IW_GRDH_1SDV_20210311T191738_20210311T191803_036955_04590D_8F0B_VH,S1A_IW_GRDH_1SDV_20210323T191738_20210323T191803_037130_045F23_82FD_VH,S1A_IW_GRDH_1SDV_20210404T191739_20210404T191804_037305_04652C_63DE_VH,S1A_IW_GRDH_1SDV_20210416T191739_20210416T191804_037480_046B39_F317_VH,S1A_IW_GRDH_1SDV_20210428T191739_20210428T191804_037655_04714B_EA68_VH,S1A_IW_GRDH_1SDV_20210510T191740_20210510T191805_037830_047706_A3C9_VH,S1A_IW_GRDH_1SDV_20210522T191741_20210522T191806_038005_047C4C_3600_VH,S1A_IW_GRDH_1SDV_20210603T191741_20210603T191806_038180_048188_D15C_VH,S1A_IW_GRDH_1SDV_20210615T191742_20210615T191807_038355_0486BE_B1E8_VH,S1A_IW_GRDH_1SDV_20210627T191743_20210627T191808_038530_048BFB_835B_VH,S1A_IW_GRDH_1SDV_20210709T191744_20210709T191809_038705_04913C_D597_VH,S1A_IW_GRDH_1SDV_20210721T191744_20210721T191809_038880_04967C_DAE9_VH,S1A_IW_GRDH_1SDV_20210802T191745_20210802T191810_039055_049BAC_B6DF_VH,S1A_IW_GRDH_1SDV_20210814T191746_20210814T191811_039230_04A1A9_95F0_VH,S1A_IW_GRDH_1SDV_20210826T191746_20210826T191811_039405_04A7A1_4629_VH,S1A_IW_GRDH_1SDV_20210907T191747_20210907T191812_039580_04ADB7_56A6_VH,S1A_IW_GRDH_1SDV_20210919T191747_20210919T191812_039755_04B3A3_C454_VH,S1A_IW_GRDH_1SDV_20211001T191748_20211001T191813_039930_04B9A8_8D03_VH,S1A_IW_GRDH_1SDV_20211013T191748_20211013T191813_040105_04BFBD_B1C7_VH,S1A_IW_GRDH_1SDV_20211025T191748_20211025T191813_040280_04C5D2_18FE_VH,S1A_IW_GRDH_1SDV_20211106T191748_20211106T191813_040455_04CBEF_B5E1_VH,S1A_IW_GRDH_1SDV_20211118T191747_20211118T191812_040630_04D1F3_DEC4_VH,S1A_IW_GRDH_1SDV_20211130T191747_20211130T191812_040805_04D80C_D8C8_VH,S1A_IW_GRDH_1SDV_20211212T191746_20211212T191811_040980_04DE1C_AC6F_VH,S1A_IW_GRDH_1SDV_20220105T191745_20220105T191810_041330_04E9D7_3FE6_VH,S1A_IW_GRDH_1SDV_20220117T191745_20220117T191810_041505_04EF8C_73E9_VH,S1A_IW_GRDH_1SDV_20220129T191744_20220129T191809_041680_04F57A_C353_VH,S1A_IW_GRDH_1SDV_20220210T191744_20220210T191809_041855_04FB96_66A6_VH,S1A_IW_GRDH_1SDV_20220222T191744_20220222T191809_042030_0501AD_0A81_VH,S1A_IW_GRDH_1SDV_20220306T191744_20220306T191809_042205_05079C_CCA2_VH,S1A_IW_GRDH_1SDV_20220318T191744_20220318T191809_042380_050D8B_F4DF_VH,S1A_IW_GRDH_1SDV_20220330T191744_20220330T191809_042555_051382_6B69_VH,S1A_IW_GRDH_1SDV_20220411T191744_20220411T191809_042730_051963_8244_VH,S1A_IW_GRDH_1SDV_20220423T191745_20220423T191810_042905_051F31_62BB_VH,S1A_IW_GRDH_1SDV_20220505T191745_20220505T191810_043080_0524F8_3A1F_VH,S1A_IW_GRDH_1SDV_20220517T191746_20220517T191811_043255_052A6E_A51F_VH,S1A_IW_GRDH_1SDV_20220529T191747_20220529T191812_043430_052F9B_C344_VH,S1A_IW_GRDH_1SDV_20220610T191748_20220610T191813_043605_0534C7_8DF8_VH,S1A_IW_GRDH_1SDV_20220622T191749_20220622T191814_043780_053A09_847E_VH,S1A_IW_GRDH_1SDV_20220704T191749_20220704T191814_043955_053F39_04F4_VH,S1A_IW_GRDH_1SDV_20220716T191750_20220716T191815_044130_054475_C619_VH,S1A_IW_GRDH_1SDV_20220728T191751_20220728T191816_044305_0549A3_0BED_VH,S1A_IW_GRDH_1SDV_20220809T191752_20220809T191817_044480_054ED3_E37E_VH,S1A_IW_GRDH_1SDV_20220821T191752_20220821T191817_044655_0554B8_16D6_VH,S1A_IW_GRDH_1SDV_20220902T191753_20220902T191818_044830_055A9F_B33E_VH,S1A_IW_GRDH_1SDV_20220914T191753_20220914T191818_045005_056080_7513_VH,S1A_IW_GRDH_1SDV_20220926T191753_20220926T191818_045180_056666_38A9_VH,S1A_IW_GRDH_1SDV_20221008T191754_20221008T191819_045355_056C40_0D93_VH,S1A_IW_GRDH_1SDV_20221020T191754_20221020T191819_045530_057174_C9DB_VH,S1A_IW_GRDH_1SDV_20221101T191753_20221101T191818_045705_057757_11CD_VH,S1A_IW_GRDH_1SDV_20221113T191753_20221113T191818_045880_057D43_0679_VH,S1A_IW_GRDH_1SDV_20221125T191753_20221125T191818_046055_05832A_7D9C_VH,S1A_IW_GRDH_1SDV_20221207T191753_20221207T191818_046230_058926_A6BA_VH,S1A_IW_GRDH_1SDV_20221219T191752_20221219T191817_046405_058F23_C8A4_VH,S1A_IW_GRDH_1SDV_20221231T191751_20221231T191816_046580_059508_356D_VH,S1A_IW_GRDH_1SDV_20230112T191750_20230112T191815_046755_059AED_2256_VH,S1A_IW_GRDH_1SDV_20230124T191750_20230124T191815_046930_05A0D9_E4B3_VH,S1A_IW_GRDH_1SDV_20230205T191750_20230205T191815_047105_05A6B0_24E3_VH,S1A_IW_GRDH_1SDV_20230217T191749_20230217T191814_047280_05AC94_3BBE_VH,S1A_IW_GRDH_1SDV_20230301T191750_20230301T191815_047455_05B284_C828_VH,S1A_IW_GRDH_1SDV_20230313T191749_20230313T191814_047630_05B870_70AE_VH,S1A_IW_GRDH_1SDV_20230325T191750_20230325T191815_047805_05BE57_D660_VH,S1A_IW_GRDH_1SDV_20230406T191750_20230406T191815_047980_05C439_4978_VH,S1A_IW_GRDH_1SDV_20230418T191750_20230418T191815_048155_05CA26_FB42_VH,S1A_IW_GRDH_1SDV_20230430T191751_20230430T191816_048330_05D004_CA0B_VH,.geo
0,-22.949616680625436,-21.709071945830953,-20.62753734026563,-27.377120585547353,-30.444784740524806,-34.94624788351596,-24.121514129896244,-22.654835759845803,-24.366093347458865,-26.662618315755466,-28.803225592810453,-24.458591577538616,-27.90170041175257,-26.163356082001297,-26.450110914335824,-28.35768401645224,-25.481551858658534,-23.827354439062365,-23.662772575344047,-28.4791294807894,-30.432272435178653,-27.38314331864882,-23.917751795155098,-22.590814526829476,-23.35816761219283,-28.513805574410323,-28.0272569532397,-21.821883964202577,-22.22659964200537,-19.046813471024915,-27.888712566871426,-28.494652885067637,-21.992787415597537,-20.179764229033033,-22.86449486057301,-27.204230759493218,-29.57392492482231,-28.30901017645672,-24.330564460390768,-25.792815940382365,-24.74338365838889,-28.15590791568605,-28.45907291078448,-24.09771452423219,-26.990886075457013,-26.199596058430377,-27.229427982008502,-28.273823379107885,-25.92380517161313,-25.896938600904654,-22.46650012948939,-26.56851930537469,-28.847364876879123,-26.961444321749415,-24.87988032800432,-22.18885096835398,-22.101048453925614,-27.583014875946425,-27.122860847135723,-23.496329414443956,-22.08305636143528,-21.61460513663447,-28.836339600678798,-27.436067220952854,-22.526036484826964,-24.1698648598352,-23.23873035226593,-26.814193858150105,-27.07903184470244,-25.02840036341789,-25.018088644702466,-24.345947170077984,-25.20711137189054,-27.13611387210855,-27.298893751321497,-22.9158977178729,-23.592653289750793,-23.636180478413408,-27.22047044813691,-28.568797141435315,-22.56306047997014,-24.533154561555747,-27.12601613409504,-27.10600317372482,-21.98396581118578,-20.279602361897023,-19.120766037254604,-19.339147164220417,-26.970439316283944,-27.69798776944673,-19.38236708219496,-20.008963521090642,-18.3676672478175,-28.107623285443413,-27.405565629462462,-20.18201954811136,-21.85097755717154,-21.492212317517964,-25.93974886237713,-28.048480965646107,-26.003293433339902,-24.42884887440187,-22.254695996754467,-23.78605358333572,-26.299870154562253,-26.611046205674068,-22.989002509086834,-22.695918295206123,-20.52793127910042,-26.34433371568416,-26.51917466111184,-20.039799126940387,-19.78633502338167,-18.72922844349214,-25.47018220526779,-24.816076646017752,-18.02758644614334,-19.52405246032811,-18.049153943755517,-18.286456920791014,-25.121696698599973,"{""geodesic"":false,""type"":""Polygon"",""coordinates"":[[[-16.456760662681194,12.248849646523466],[-16.456234949714275,12.248849646523466],[-16.456234949714275,12.249473479369287],[-16.456760662681194,12.249473479369287],[-16.456760662681194,12.248849646523466]]]}"
1,-23.79302978962209,-21.43062305944457,-22.773407544588284,-31.83140654256701,-34.74728546550043,-32.53606380927487,-22.042881265314474,-21.795183921965428,-22.91832015189136,-30.12985033593728,-31.101339420895613,-23.309489686485946,-22.80263150632639,-22.333598361250882,-32.729974243805835,-30.07581718826261,-22.35086556301823,-22.67760181940874,-23.450368290579778,-29.537019097168873,-29.457969049798674,-26.685088527181115,-23.63252915766088,-22.340936415447956,-21.335710926839294,-28.294286461941784,-28.088240257122887,-21.619460745948036,-20.996870799663167,-21.792922808944997,-27.853976816676646,-28.24448010258395,-24.42866216382659,-21.278492150251445,-22.60699817630465,-28.579177067099277,-28.353101834704812,-28.204246362512226,-24.549973546994885,-23.800780292683015,-25.02628395485906,-29.313008808253855,-27.043010365397468,-23.39879908220528,-23.042482770067966,-24.320770346714326,-27.623070867645918,-27.87765559473717,-23.77856909032454,-23.81294074756661,-23.225109386717556,-27.337968300494463,-28.39059073006221,-26.077214907497183,-22.333769735701427,-23.990391036949344,-23.198391384438864,-26.353338337600647,-27.18053581981327,-23.083896412275877,-23.2360697981381,-22.58033768184908,-29.20402719221324,-28.3554009202503,-22.483406270734125,-21.60160934337895,-20.868308155605497,-27.800377399222068,-28.514744070694782,-27.391422220983817,-23.24621480337846,-20.84192397695406,-22.512308653163306,-27.58056816938205,-28.296091117430585,-20.46490531198616,-20.789956516007315,-20.962414967524758,-27.579632659143705,-27.336365605337296,-19.924244397639114,-20.393732181265136,-29.039424782759713,-28.49959735457461,-25.054602364782003,-19.2141873507695,-20.461566813427662,-21.945498434717187,-27.838104496243453,-28.194431706029654,-19.943503217440124,-19.470289954693893,-18.87349592806752,-27.631820041982124,-28.4480072259258,-25.396351662524467,-22.87710482913208,-19.46498308675298,-27.853627192070874,-28.37078679813066,-27.860264531253705,-23.517308214092317,-21.42531187785827,-23.30247703640902,-27.576945390734068,-28.074216372543166,-20.845552716621054,-20.087314437359463,-20.728253630365057,-26.910748426820994,-27.993206708654437,-20.337908824957974,-21.05025080537456,-20.97539772112258,-25.990572222985215,-25.52285207838097,-22.632050424129815,-20.858152084449493,-20.261101530209075,-21.42624830243491,-27.264770358684054,"{""geodesic"":false,""type"":""Polygon"",""coordinates"":[[[-16.458767736780533,12.251057274899178],[-16.457952345240006,12.251057274899178],[-16.457952345240006,12.251707313738638],[-16.458767736780533,12.251707313738638],[-16.458767736780533,12.251057274899178]]]}"
2,-22.557466495415138,-24.182481135243652,-21.99430360550473,-23.064186722611062,-29.883680973757535,-31.951725408584466,-21.82748255269736,-21.772998441450046,-23.83875586623968,-32.849350298333285,-28.858409622996113,-23.547576828961237,-22.777484690164393,-23.884144705672462,-31.06251707765544,-32.83297609105723,-24.137134385106503,-22.393924055460968,-22.403996663576887,-23.395034749356622,-29.20325343186201,-25.157201157689325,-21.449718587483193,-20.92842791149688,-21.511551122950593,-27.01603046810562,-28.940558104770428,-21.420173559986058,-21.80381067643751,-21.53362538560592,-26.807849689409288,-27.853792136501283,-22.084608702898468,-22.162321110011668,-22.263491213101545,-28.289392896436897,-27.257995589778716,-27.975704723552777,-22.419313165071063,-24.165301367006457,-23.60146584822195,-26.3378455815694,-27.483596598509394,-23.400105806170927,-23.40401708496061,-23.42798402605335,-27.49189020851116,-27.126699877605812,-24.005749029330673,-22.789389262506056,-21.627525947592208,-22.468291899096563,-27.84613048773932,-22.498903695361733,-22.536445029291787,-22.68761564735555,-20.871600102343624,-27.560334030901277,-28.028982456476758,-20.634179193015665,-22.938934011109698,-22.63763946782499,-26.081959102687595,-27.118127749943433,-23.05531090715934,-21.10845357388473,-21.172618609453494,-25.16385921948636,-27.262165998478157,-25.5765047027951,-21.870237881284584,-22.647528984129476,-23.107643541373157,-26.209989741035532,-24.99778417333801,-21.849473533440428,-21.501543427362314,-22.589328339872726,-25.626673968329275,-24.626204197827008,-21.913915424808593,-22.119667459758546,-22.983390712660533,-26.834923464123968,-20.666611894041406,-22.481115775740847,-22.730494030849986,-22.63028080687741,-25.95940882454116,-24.903893773666837,-20.27236573992718,-22.010858251620945,-20.62289744724639,-25.030053709872803,-25.52408777061243,-22.771121262471958,-22.46725840572949,-22.0363634661425,-26.76856653092927,-24.987226544382942,-23.021792714297913,-22.6459266768074,-22.87077002682412,-20.44428562248768,-24.83526520664102,-23.762596957351086,-21.055767613217565,-20.85064852302142,-20.468346593033445,-23.739274373618702,-24.59910956216208,-21.792129110627915,-19.94679481364654,-21.428718506039242,-23.48202497331073,-22.60083255778508,-21.367205472149713,-20.824885916607553,-21.54383296490319,-19.786966755747407,-25.103151591433857,"{""geodesic"":false,""type"":""Polygon"",""coordinates"":[[[-16.45881065212477,12.252650915655888],[-16.4580596336006,12.252650915655888],[-16.4580596336006,12.253384825925],[-16.45881065212477,12.253384825925],[-16.45881065212477,12.252650915655888]]]}"
3,-18.468504864471505,-17.957309106112977,-21.07006938737819,-32.283350037191376,-29.955709549503876,-31.15729164649099,-19.451645396257092,-18.82200406345812,-20.409267831693075,-29.570042934786557,-29.02231925043467,-21.340987395550044,-21.560874009039363,-22.044147489309992,-30.117504160602817,-27.431067007984286,-19.886289438048113,-20.42487441261754,-21.218588481235813,-31.587965494358265,-33.54575388513679,-24.802142061437657,-20.70781188376383,-20.723470932760407,-23.323893570929,-28.297118686005494,-27.9090486662469,-19.520694952115427,-18.804837449736706,-20.51725482756428,-27.522636511635756,-28.180763450270604,-20.6321889139684,-18.84684085099851,-20.8756086719569,-29.05694879678536,-28.44563265334884,-26.597663501685986,-20.83660441631513,-20.78737104991804,-25.374952829515653,-27.70759754050053,-26.822783360229607,-22.344136404206473,-22.899143237755297,-21.816066074606855,-27.753811233617487,-28.136350553069114,-21.141383714831147,-20.206483913234223,-21.099889056785287,-27.750662859224242,-28.831253309488176,-19.550267246121773,-20.154413162858987,-19.810911072902815,-24.788929507917985,-27.234934745382347,-28.970762031869768,-20.814176226980056,-19.23148765453356,-19.826024980463732,-27.589696537741375,-27.47271794598595,-20.333758622337864,-18.96547191647361,-17.99253988023287,-28.060904360739027,-27.58354131065493,-24.552570964479894,-20.346716787413193,-20.367572553863795,-19.62982633861607,-27.714114641778224,-27.5945712865365,-20.39625207279913,-20.18838349650259,-21.58794113883164,-26.286732812115925,-27.467271098615694,-20.104747716081505,-19.65194200111883,-28.111317381901134,-27.733386452687515,-19.149744245886378,-19.73983076963,-18.48944218542434,-24.70252306429487,-27.81382361610081,-27.81687704940384,-18.390770501309532,-19.247561958384352,-17.932368806454644,-28.76556018651889,-28.014147902650244,-18.646436536280156,-18.607705078193916,-18.874021033422512,-26.795998339233975,-28.51804231569619,-20.191074231637266,-21.118245396173343,-21.456016879843926,-23.178367470189368,-27.256315921482372,-26.66664365935436,-19.427970866968625,-19.53431662105485,-19.860141422163867,-28.356163472417,-28.577724244931787,-18.293839037854873,-18.834345883169732,-19.611885134908597,-27.85072968230368,-28.70059948661248,-18.772165847190387,-18.155474308775702,-19.243545525206297,-28.29195211774316,-28.97365284278215,"{""geodesic"":false,""type"":""Polygon"",""coordinates"":[[[-16.353443947304136,12.301092249941005],[-16.352692928779966,12.301092249941005],[-16.352692928779966,12.301888920117838],[-16.353443947304136,12.301888920117838],[-16.353443947304136,12.301092249941005]]]}"
4,-17.169116451106444,-17.585326529874834,-20.343021750535932,-28.699744434275242,-29.70708791408572,-28.58790969536519,-18.727727945736827,-18.21110943155002,-20.750914822646276,-28.676305669579214,-31.347528922526287,-18.864256945057956,-19.947844303862524,-20.78236512998713,-31.11644124480005,-28.08493242464245,-18.258450424341635,-18.81629685798056,-20.80851303094668,-29.489239240773436,-30.775259298161828,-24.18220450385153,-21.045414533826822,-20.91833345131466,-21.87310531200528,-28.200249085500175,-28.810457941621845,-20.251830867777393,-19.904641765648442,-19.05884740576232,-28.58903513448981,-28.72997074856176,-20.258682068101265,-21.01121151357188,-20.497273637098104,-28.080956396105694,-27.282172109503033,-28.021635193937623,-21.64413418353062,-20.875857855363655,-22.326996169142973,-26.222281322907566,-28.055673877685408,-22.53020543389488,-24.066233541030886,-22.98122309370723,-27.190977192954172,-27.55097974273841,-22.046050916201917,-19.29517373321647,-21.039701529026384,-26.943101174976697,-27.681880323604144,-22.067895953839024,-20.867953957928123,-21.200700548491916,-21.198068885814102,-28.00775649306251,-28.10681751254193,-19.798599329014824,-20.144956315380757,-20.64012897401349,-26.91447473298032,-27.774664450253837,-19.080036689889482,-18.482450252585668,-17.617869195059644,-26.747124423793707,-27.957789055185348,-24.78672087217124,-20.087391060676723,-19.40913831764249,-20.63927280162527,-27.724905292793828,-28.99271824748356,-18.29421237757394,-19.997762345401064,-20.925790641246273,-26.51156586823162,-27.891132794823122,-20.56521353087005,-19.656611823828797,-26.767668360951586,-28.415410200684594,-20.615025503983937,-19.48447130916278,-19.18268953385272,-22.39882682750307,-28.681007928108126,-27.756046436582057,-20.205062195738705,-18.753611441362764,-17.870340143978993,-27.900174034374356,-28.51785905671445,-17.96000217410342,-19.931213178812207,-18.387754453135766,-26.492859807519878,-26.372401486366194,-21.413822119294508,-22.405082662772454,-21.939111319023493,-22.964384239779402,-28.490134878729755,-27.445935604503255,-20.068001507715703,-20.100723983841867,-20.175042200742485,-28.256175202264203,-28.82418716362846,-19.85153459616033,-19.75336272213683,-19.622128133027132,-27.012442427767382,-27.752247702720563,-18.93897414538596,-18.917796522429438,-17.746634834315397,-27.396875688882563,-28.706048164701887,"{""geodesic"":false,""type"":""Polygon"",""coordinates"":[[[-16.35137328194464,12.300368955188448],[-16.350772467125303,12.300368955188448],[-16.350772467125303,12.301050319864787],[-16.35137328194464,12.301050319864787],[-16.35137328194464,12.300368955188448]]]}"
5,-18.944892337108676,-20.551437873805845,-20.405305699298374,-32.01979329341654,-31.39492699431029,-29.33388085856901,-19.3060666012207,-20.73681110664717,-21.520826655599134,-30.555720191932288,-28.68046529794064,-19.554704433060824,-20.7312943540896,-21.38370990832958,-30.946522930397844,-29.606027661997206,-19.511947582834793,-20.914697813831665,-19.88374351038038,-29.450698525064297,-31.548381813813084,-22.520600090029408,-19.063592559824848,-20.04719397328742,-19.702568734114365,-28.210485609303745,-27.794007412376743,-20.469261477158263,-18.510551245513923,-20.19176180157781,-27.683201665447925,-29.049453322427365,-18.818803073159245,-18.996365311684063,-20.139603840981817,-27.342224573116223,-27.581098256908884,-27.432345397160727,-21.016552920867365,-21.68615968804007,-22.511743154675777,-27.643589202579996,-28.672890199721504,-22.660199068930613,-21.242096360276225,-21.556293678370807,-27.758431293054446,-28.90662919023968,-20.576908755553728,-19.76665065639101,-19.951249340147395,-25.373891987853508,-27.930287071323786,-21.599247238386376,-20.73592225720046,-21.043389538948418,-20.443974274863,-28.595097454339676,-27.73533084111793,-21.654373586183187,-21.418847671510644,-20.27342917082796,-28.552137542229797,-27.913909574365885,-20.217519670465755,-20.511699559033453,-17.90691989483479,-27.23552164156094,-26.819337737694916,-24.257659167326167,-20.176723951860843,-19.82377527497382,-20.336285666982917,-28.27400186796341,-28.615543862098956,-20.02426602488644,-20.165609085746198,-19.2543165836568,-27.702339126565974,-28.612070094025377,-20.21233772880588,-19.420475921021474,-28.129952342364565,-28.67141816293938,-20.3397373643679,-20.11926943722552,-19.226171481950395,-18.96557893123372,-28.418099830489684,-28.61109218775916,-18.968773760590675,-19.938423056634903,-17.62710487074874,-28.186374318456902,-28.49947435567788,-19.360137236354586,-19.1332575916136,-20.200869934336414,-28.374683406346414,-27.69645793354767,-20.33365847702757,-21.25682912051805,-20.80589725886823,-20.286573366222363,-27.657894499801795,-28.30704773447856,-20.453178567600652,-21.873968525020558,-19.69621559117406,-28.45066139555847,-27.845181751078634,-20.605213527850793,-20.241513428379463,-20.71116238575316,-27.44907392924324,-27.770882305250748,-19.46090738853977,-19.02752129707989,-19.555896520313798,-23.18668258831167,-29.330358504745035,"{""geodesic"":false,""type"":""Polygon"",""coordinates"":[[[-16.352145758140928,12.298796568423361],[-16.351512756813413,12.298796568423361],[-16.351512756813413,12.29971903646625],[-16.352145758140928,12.29971903646625],[-16.352145758140928,12.298796568423361]]]}"
6,-20.668065467254838,-20.356601366891283,-20.87768783749419,-29.522136009890353,-29.164079014135726,-19.404393202917685,-19.241085041609285,-21.4905183873984,-21.959320294389318,-26.188491997003734,-20.849158526689614,-21.139171827784974,-20.680918013593182,-24.543239274262014,-27.467376441502605,-27.867801493630946,-21.36847534966742,-20.912002551678253,-21.32960453406963,-26.61179006412653,-27.324336904399523,-20.873034954116562,-19.516052298247747,-20.30573718446422,-20.24965646806601,-26.725210121326562,-21.695107843677327,-21.844714267238647,-20.517667808200834,-21.125809058313685,-27.6448752790193,-28.32197513946397,-20.00817096889685,-19.575630792414067,-20.854777563853894,-27.528461354332816,-26.333631690581598,-20.597002217573905,-23.039906055389654,-22.349378852323248,-22.26005889051555,-24.905113801395316,-23.102538910600238,-24.181724202719742,-23.558669661721332,-21.323997307635707,-26.19333439481483,-26.961844303758678,-21.949884827042208,-20.5169339657358,-21.001959182095796,-26.31969031626654,-25.352729505273444,-20.638186362899688,-20.9968495887962,-21.25305235326173,-19.22730104180572,-25.430934960879522,-21.14037904616688,-20.514916592955302,-20.85506433258072,-21.882610259092427,-26.654587014490723,-26.307060713792243,-20.327337123148624,-19.43216174534426,-19.35924913818685,-25.934062866556147,-24.258996134945164,-19.467313594129294,-21.818701744654753,-22.021847028864517,-22.502493688995614,-26.186192420052873,-21.477707557306527,-21.681690073796208,-22.346405325401047,-19.756143021125922,-25.7147738251411,-27.216843607190754,-19.605505646556356,-19.187687868976898,-25.412196682533374,-22.741500046116585,-17.45662936449176,-17.74432148078557,-17.46326855512803,-19.62727652492832,-23.296762350399113,-19.3338422316911,-18.82381393235854,-18.455529127344356,-17.255203719974837,-24.45832128044169,-23.960451552871227,-19.52782082836149,-19.324473995905382,-20.037834168278483,-22.829380747424363,-22.321430424419,-19.390497737158558,-21.643765830886103,-19.866942241443585,-19.59009081944226,-22.74157501003441,-18.661566895012157,-18.067643393465072,-18.223687044126,-18.481399906961805,-21.527328442133566,-22.89377481286228,-18.333724092668696,-17.133101139817963,-17.79697229905875,-22.41928371995624,-21.048673168718086,-17.473994455158795,-16.556594111161438,-16.93127899670508,-16.171874316532875,-21.97422961046799,"{""geodesic"":false,""type"":""Polygon"",""coordinates"":[[[-16.423547019569256,12.227372215329588],[-16.42291938265977,12.227372215329588],[-16.42291938265977,12.227838817466907],[-16.423547019569256,12.227838817466907],[-16.423547019569256,12.227372215329588]]]}"
7,-19.020445559345088,-18.326159258722274,-19.91239706505429,-23.02099665317203,-23.584365225397597,-18.419660180645515,-19.75247024113298,-21.824672786342077,-19.899387386857573,-26.021099558946574,-21.14492422931186,-18.480127113630264,-22.681535107772742,-20.818926309882215,-27.31798642654374,-23.856922634286107,-20.224474630500975,-22.032356206581387,-19.628564242348094,-24.375912793520527,-26.816176231658336,-21.78054628529997,-19.27450462461294,-18.62304135135708,-18.965063071596653,-24.896679258406095,-21.35083924026591,-19.747181960256782,-20.04682025159293,-19.551053187312913,-28.165179506236157,-24.180701458866196,-19.749718598236083,-21.010358492365743,-21.13897190228473,-24.970652169013174,-25.11814125923724,-21.770484145843593,-22.605719067563815,-24.1086942546255,-20.86399415591343,-23.63259489844329,-25.118742032048583,-25.39785089309722,-21.543033361978285,-22.81557733058649,-28.151800276649297,-26.391614458683538,-23.42321812363446,-21.342304983804823,-21.632860724900812,-21.737014931861392,-22.373775164218408,-20.85460412033112,-20.5211688671698,-20.639057600004456,-19.175378178589483,-21.55212438291417,-20.285976735749173,-18.085314493913284,-19.896263850663672,-19.905141555952177,-26.84151665851087,-25.568306504494895,-22.008462337446204,-20.68599740168766,-20.709260781399642,-25.476322381263845,-22.713304957912992,-20.65443652906422,-20.40641272631246,-23.090080163194763,-21.69909488931521,-25.29028123322414,-22.700667858881125,-19.578071118993172,-21.080336895993256,-18.61167242110536,-24.05282519131579,-23.374903171727023,-18.646274212398104,-19.76478941758065,-22.117651482926902,-21.203598376428353,-19.657112057840994,-20.668785003749118,-20.285066219467573,-17.010488750212698,-22.850994816052413,-18.636576557681277,-18.375084453335777,-19.361601880708395,-18.972940688196854,-22.0926263688735,-22.835083483366855,-18.747375593184977,-18.250765832882966,-19.119300117945894,-20.118571539368862,-20.801314522288582,-19.50051869233401,-21.218512640996863,-17.972551930325512,-18.568138864035983,-22.281154070378424,-18.480916195863777,-18.13321969701187,-18.13134552475262,-18.33118405937637,-22.633129235836527,-22.333422070912214,-19.552139390786614,-16.961722604348,-19.367929180228717,-19.88277709502651,-21.176233060926922,-18.00559579352697,-17.747044778539227,-17.01748068238795,-16.742877989376066,-21.3614446482064,"{""geodesic"":false,""type"":""Polygon"",""coordinates"":[[[-16.422264923660137,12.227209690796258],[-16.421787490455486,12.227209690796258],[-16.421787490455486,12.227692021377663],[-16.422264923660137,12.227692021377663],[-16.422264923660137,12.227209690796258]]]}"
8,-19.735197532369124,-19.249632824707337,-20.77210621995539,-26.19308305119792,-23.690415439770153,-19.67946528488822,-20.71671705575501,-19.8547129448542,-20.85898421212896,-24.670446854858177,-19.793617445992087,-19.836032680621496,-21.227314914548735,-20.50021920911083,-30.18860365133555,-22.514812807651076,-19.708642014133375,-19.992595417300418,-20.501678257842,-26.35847787694867,-24.381343050842236,-19.111656758045168,-19.8669199659634,-21.145240093905016,-19.53543839427504,-24.92948115536105,-19.650874107992617,-19.1203032368186,-20.006425574336777,-20.363936318145498,-26.4064274928528,-23.89483678121485,-19.67983493009418,-18.465743984822254,-20.161954909296462,-26.233735307839027,-23.93185510020569,-20.405929236322237,-20.31801721755506,-21.91413460096769,-21.213315090328905,-24.437972105012378,-23.376310606483955,-23.047248611173647,-25.722817985668065,-23.81851521055685,-27.34060982752858,-26.595668395087625,-20.999017278936552,-20.864831656272017,-19.84064792175498,-22.895206793323023,-20.43609377055871,-19.004334093536162,-20.719128452863302,-21.91677343249372,-19.97951059893188,-20.35026434572062,-19.62906997376398,-19.651008124127394,-20.616676080964154,-22.571743527097773,-26.763509187286488,-25.411201133264992,-21.41939418006608,-20.047649367413587,-21.934824742100393,-27.075662475609022,-24.51843996885824,-21.11084097288314,-20.507518694134674,-23.809539742346708,-22.904348580397606,-24.154643182481152,-24.772018713016003,-21.3328418628517,-21.650070413395234,-20.83438047111255,-25.87684821251791,-26.597123542566496,-21.820959094565477,-19.29419405122283,-26.113182075440008,-21.69309642135165,-20.01728779328845,-21.06750896515041,-21.035387085139025,-20.997445560498235,-24.427067750663063,-19.621309912476203,-18.53535469745361,-19.14220110434096,-20.19499744023435,-24.43735232695407,-24.714761174279282,-18.74749317704156,-19.79756112490003,-19.770380627351713,-23.115014150132957,-22.733212852021673,-21.764748169786508,-21.81790474367954,-22.40506836791766,-21.53244071781243,-26.582586549197007,-21.219870669698974,-20.769278665614024,-19.853346126740874,-19.160273158832712,-25.667822352517142,-22.584567449967448,-21.320432395663964,-20.3489067589149,-20.797923734630537,-21.680093392358526,-23.562904636293815,-18.662632380590363,-19.985514615556646,-18.13681544291249,-18.176992485540364,-23.988601551162027,"{""geodesic"":false,""type"":""Polygon"",""coordinates"":[[[-16.42241512736497,12.227954157194148],[-16.421787490455486,12.227954157194148],[-16.421787490455486,12.22830017607393],[-16.42241512736497,12.22830017607393],[-16.42241512736497,12.227954157194148]]]}"
9,-15.267207810993515,-14.116365940502364,-15.18374653632774,-13.730501417953171,-14.276563197196158,-14.087952654257847,-14.616088725595631,-14.613350721879018,-14.284757672754056,-14.811156150930465,-14.714227151159166,-13.191179283377002,-13.13092417665426,-13.744499516446766,-13.593730917576778,-13.14981425771992,-14.280022567266592,-13.52759103962452,-13.315823001323896,-14.244265747968607,-15.103831173154,-14.525140867428702,-14.937446397726434,-15.777794303710792,-14.784004178365834,-14.577725845886587,-13.948988687922727,-15.505641452451261,-14.02917926873913,-14.60397355699865,-14.855963433240147,-14.56250397980357,-13.837491940559973,-15.449771060535124,-14.790612252642529,-15.504315379393983,-15.233496011023867,-14.036145125738566,-12.748011992972488,-12.993749999661864,-14.035818922159157,-12.900297093956228,-12.952837994902007,-13.708497599215868,-13.362609712144105,-14.119810970205418,-14.242882613295428,-13.474223410823175,-13.881812115632114,-13.681889647904324,-12.90008224224123,-14.844754961051615,-14.553667006043524,-14.483462592854856,-13.800420949161623,-15.392931773856098,-14.781951711509135,-14.303278866823847,-12.923369430699022,-14.867536505751097,-14.30631813685752,-14.963486883433804,-14.179735739180675,-15.20017180475626,-14.474203292666532,-14.128474533379563,-14.1945926860226,-14.628546117665548,-14.77107817830384,-13.82280674936123,-13.69525000919225,-13.54464781057547,-12.693920974188488,-14.678435148257096,-14.922380497351101,-14.921185570805541,-13.500983159179958,-14.355369611690037,-15.625426406889087,-15.63569691205324,-14.787462889672728,-13.822817761724767,-14.707296598068833,-14.913507791901154,-14.99228229524864,-14.85586557324004,-14.448103069315069,-15.359591995537283,-14.872417132351835,-15.288605399170512,-15.796197646014056,-14.58512888070281,-14.38968266154699,-14.168530145470346,-15.339120721069579,-14.789829384564738,-13.165337088844206,-14.050675581193875,-13.00933929427162,-12.490987994873278,-13.997329015148095,-14.581485903125232,-12.838072836107338,-13.268297705119789,-13.83439278278227,-14.602584168672667,-13.895409957603176,-14.115780348582515,-12.847636949236342,-13.847225105300621,-15.074961396350986,-14.042045899866169,-14.887094877105966,-15.0917656479578,-15.653667445614827,-15.509492871487412,-14.083914100669165,-14.62565201442531,-14.726201161835839,-15.210689205375582,-15.472697676184646,"{""geodesic"":false,""type"":""Polygon"",""coordinates"":[[[-16.349416267505116,12.300928986458388],[-16.348751079669423,12.300928986458388],[-16.348751079669423,12.301620832179834],[-16.349416267505116,12.301620832179834],[-16.349416267505116,12.300928986458388]]]}"
10,-16.564617053334825,-14.782447715126082,-14.442893034226373,-14.359846682223674,-14.543070972754329,-14.964980589510008,-14.542301702825254,-15.224374204713415,-14.255625540391563,-14.00018559043921,-14.012847527200588,-13.880216282875509,-13.417211881444656,-13.067798710331633,-14.580035672248073,-13.098481763531076,-13.37824200834754,-13.751090985138134,-14.381775481907065,-14.597188749887,-14.380301002646519,-14.319441654693003,-14.601609379460387,-15.067180392138615,-13.139376911620277,-14.351850569824904,-14.089892801946151,-14.416556575367494,-14.246537046992799,-14.253210947865126,-14.959581370872439,-13.814514694138948,-14.42307474059601,-15.004327006813233,-14.278863711454381,-13.909995462336692,-14.181560687447767,-14.573548699888688,-13.671530848087523,-13.411029473635166,-12.682109344622738,-13.549741886809157,-12.889598404773684,-13.46578910910575,-12.927228965668991,-13.788596223503951,-14.071762447113494,-13.685468398192794,-12.583028270101773,-14.215790214202059,-14.810157682994227,-14.711257471902012,-14.53041318437522,-14.746453553537558,-14.301861251147749,-13.523152630267672,-14.256129684537205,-12.877693830536066,-14.253010713294856,-14.37549843347874,-14.187240562027398,-13.461446378690553,-14.47518755259915,-15.361182537123698,-14.55335402140727,-15.791459343093827,-14.366633349855139,-14.411342765651993,-13.55768612191067,-13.486830041517452,-14.680526692371528,-12.868951119305077,-14.780352668056674,-14.673672416165381,-12.644860611899201,-14.03264612917064,-13.584159392300654,-14.249572604545477,-14.717312898501296,-14.149273967250517,-14.807607093483645,-14.780886986343695,-14.129387170437626,-14.984776973184415,-13.94594136069837,-13.665808628305228,-15.201654667229533,-14.041112764776624,-15.709172041577439,-15.03359069817377,-14.938663299118241,-15.27928561302354,-16.04576718414816,-14.910879161986344,-13.715779672945649,-15.90839663994156,-13.430062791787911,-13.564095356241738,-13.342241947873275,-13.825162178175448,-13.379011474842804,-13.32716244341701,-13.90719376271737,-12.555989339196394,-13.134299213446928,-13.831845152896141,-15.298230255733957,-14.966324680065796,-13.887874649118851,-13.845048866148284,-15.566912608836656,-15.356586303978247,-14.782926914620935,-14.368975886808075,-14.711609873945246,-14.30302735875389,-14.602999656562634,-15.562693697065262,-14.559337015493695,-14.592552012252503,-13.628934173586618,"{""geodesic"":false,""type"":""Polygon"",""coordinates"":[[[-16.25772986430326,12.306688779079215],[-16.256968116943032,12.306688779079215],[-16.256968116943032,12.307391091898426],[-16.25772986430326,12.307391091898426],[-16.25772986430326,12.306688779079215]]]}"
11,-29.714334670219955,-29.996491635370344,-29.823994040291485,-32.20496949064806,-31.367862479154585,-29.096506218429322,-30.446014854293235,-29.460645825986443,-27.70270844476998,-29.062944454746113,-30.774966628213217,-28.972804207308524,-29.859645488544505,-27.341303953442814,-28.556329425290674,-30.37397473035266,-28.899753475516274,-30.399555581484137,-31.39083334476472,-32.57901374366258,-29.938422204133758,-28.2611705942948,-28.658869436260094,-27.869555111163457,-27.652400273550402,-27.833055844555226,-28.549637963626118,-26.981223300741856,-27.28112808754522,-28.25794111016769,-27.23768244251988,-27.74059377332875,-27.170633228732694,-27.015838513965342,-27.426158903230572,-27.722508544963315,-27.642176292823585,-27.800238215432934,-27.305953925831776,-27.381805642555562,-27.095760323940908,-26.89451256264744,-27.556225803141384,-26.596464064996265,-27.241505530028384,-28.102618597566394,-27.85419653242136,-27.048861534368648,-28.249131860839718,-28.113054456469396,-28.857251293866693,-27.585694961527736,-27.690536961347508,-27.87281497726117,-27.350588473090752,-26.849840432429477,-28.041908050523794,-27.925187329768274,-28.273070107556677,-27.81145984176111,-26.426253263559325,-26.734152629500773,-28.25879580369703,-28.15395906287804,-27.838578172631916,-28.66161083225968,-28.538057765165576,-26.40190837623203,-27.010218278083535,-27.523906188196513,-27.880165292443678,-27.17368161680019,-26.99893035371035,-28.35590825348767,-27.674042373866502,-27.433296893485924,-27.125613375327553,-27.7775889318679,-27.710046584710383,-28.074792750977565,-27.53256892527212,-28.33667043299802,-27.330840137301685,-26.720792214818886,-27.039782856914748,-28.65723528087948,-28.608139674026653,-27.45930891089453,-27.72214210797499,-28.029348987500455,-28.027216356890648,-27.772765636600266,-27.667871753683574,-28.751833672939828,-28.049247513473258,-27.877803259929898,-27.952995763371646,-27.47094514581059,-28.831475797907103,-27.58724977811935,-28.412329369651587,-28.37100655516767,-26.994476207800354,-27.069783794856136,-27.889500678819612,-26.87377178285644,-28.44633204884695,-28.23095043391658,-27.41385613402419,-27.861685279434422,-27.807270866189075,-27.537611112698126,-27.45605952419244,-28.515533980048442,-28.124166980714172,-28.412580386676307,-28.17284256834909,-27.621618464110835,-27.85604141581382,-28.978039074473696,-27.492694526523685,"{""geodesic"":false,""type"":""Polygon"",""coordinates"":[[[-16.34660531245751,12.301253944524124],[-16.345682632556386,12.301253944524124],[-16.345682632556386,12.30216592146521],[-16.34660531245751,12.30216592146521],[-16.34660531245751,12.301253944524124]]]}"
12,-32.00945061011675,-30.138259740584083,-29.19282445619456,-31.61303803368628,-31.019517126291515,-32.89578451615503,-31.680147459701416,-30.96276938235323,-30.250863880627595,-29.89088644705117,-29.453623435981932,-31.753784797728034,-27.90936218778359,-30.142187641616335,-29.400756386359898,-28.552323038915695,-31.751469416549106,-31.395359559936143,-29.687151097219356,-32.59961013391606,-31.15760847571621,-27.879150044497663,-28.946216253287496,-28.136488426119584,-27.675532830203416,-27.796351062885613,-28.61440454304111,-28.663956371416045,-28.203970205345655,-28.482267898570758,-27.896449572686876,-28.269239167825432,-28.276756531019842,-28.032343752335876,-28.31763395712008,-28.387250493524682,-28.003832853646664,-28.457602506795272,-27.211943630496567,-27.080892377714758,-27.843339772407557,-28.062236265755615,-27.266208756505776,-27.952893421004493,-27.820918118938938,-28.014740581299392,-28.187351745619623,-27.99499129393119,-27.9106267383122,-28.453971089401012,-27.306862389505206,-28.55610334766159,-27.885946282379493,-28.28464444140639,-28.52027096122029,-27.89914782937584,-28.151146704852287,-27.65398031208421,-28.634948065186524,-28.29078033067933,-28.417833059821493,-28.617322230709913,-28.5768850243395,-28.90120781435319,-28.936180944401897,-28.04705654297389,-27.81697683014234,-27.44978399181796,-28.468532289874325,-27.684719063664215,-27.904647166284924,-27.356071771549125,-27.892197575307016,-27.880259809310527,-27.42210037570658,-28.144062218095506,-27.22737584417191,-28.874627001277144,-27.855059715151818,-28.003110481805916,-27.814423164091945,-28.02507635784655,-28.257339567583575,-28.52458309068044,-27.962002338748675,-27.660150403713743,-27.718860740496677,-27.800599539631484,-27.729087208876532,-28.176772299877413,-27.50441770245766,-28.10478655303331,-28.250752141454637,-27.955769146171132,-27.526057117441106,-27.68459030577877,-28.235046884637377,-28.115648670248184,-27.793510059814338,-27.54008401201653,-28.47885516055775,-28.03051209788041,-27.77914391194825,-28.206505659659953,-28.181020752598105,-27.411494495686647,-27.633498287181496,-28.386405735559052,-28.21221858444977,-27.98755395634617,-28.651835168098557,-27.18703265730771,-28.267270818541917,-27.51480731243171,-27.833757099622773,-28.593094572147827,-27.641605485972363,-28.11801168740584,-28.12625434062124,-28.613397479141664,-28.73412026035769,"{""geodesic"":false,""type"":""Polygon"",""coordinates"":[[[-16.319613916554086,12.304773731956905],[-16.318455202259653,12.304773731956905],[-16.318455202259653,12.305863896312625],[-16.319613916554086,12.305863896312625],[-16.319613916554086,12.304773731956905]]]}"
13,-28.69568371939768,-31.661763522282037,-29.93950205000534,-30.202473979064948,-28.359097203359223,-29.4867844953454,-27.479537003435627,-28.533972507205107,-29.239534987560045,-27.715233601926375,-29.829147087915057,-25.45966074402306,-28.782478723459406,-29.11371638604147,-28.607512877582877,-31.351867198784944,-29.18601582335356,-28.906580673023495,-28.412772740889654,-28.887424311829196,-30.64533373840668,-26.884734214702142,-28.455682747469904,-25.416083670533528,-26.65318030199404,-28.119301511157627,-29.01538656105898,-28.411243843082374,-27.949958479679868,-28.388824754404553,-28.80239794694654,-28.2927610835186,-26.807711707370554,-27.193787651599663,-27.63709347938845,-28.599826656329878,-28.247470971305237,-27.992272488349595,-28.18215247071268,-27.33347647134613,-25.379108341145585,-27.36865871822165,-25.984901423277698,-26.305866197680604,-26.975111053217713,-28.55079931073903,-29.177857034413872,-26.932134227843466,-27.74832098818355,-27.62382316988873,-27.626105149966442,-28.177943534154366,-26.97966088361069,-26.549785844127644,-27.40807813786126,-28.138662082033044,-28.759431445816887,-27.458510400840698,-28.263543368329252,-28.048303165837456,-26.56710213334779,-28.573391564674008,-29.081117952248043,-28.712734608868825,-28.221025264054973,-26.92634449463257,-27.794257216360464,-27.758217518661137,-25.938798633098546,-26.58661248768505,-28.651534882253788,-26.966329748551313,-27.847386039227697,-27.19404215091853,-26.148680597705177,-25.385721994952615,-27.59514069522669,-28.32808738471107,-28.184911591930312,-27.827796285871383,-27.68482843471868,-26.50634040715716,-27.95268568673957,-28.323339595904333,-26.931783498533115,-28.035869928175526,-28.61939112187985,-28.072074405213588,-27.59232946414728,-26.626039286505097,-27.46221291558205,-26.654592734174162,-28.30314216152349,-27.55060382193663,-27.15550442748015,-28.574710530773523,-26.498229296485,-29.622021487077745,-25.158320364632416,-27.13106249827031,-26.022524279131538,-27.70927591703293,-26.81797871073043,-28.490357582314196,-28.29024851478319,-27.581970451270898,-26.302279132322585,-28.079969477512556,-27.299965150894714,-26.087107789702145,-26.929175058637377,-29.556639972524138,-26.221472602428257,-27.79463222342528,-26.92349437121563,-28.35588245767192,-28.293871483399336,-26.355539474162324,-26.864525234180018,-29.4184156969492,-28.621534671998134,"{""geodesic"":false,""type"":""Polygon"",""coordinates"":[[[-16.449304086842172,12.254233364856436],[-16.448799831547372,12.254233364856436],[-16.448799831547372,12.254726130449315],[-16.449304086842172,12.254726130449315],[-16.449304086842172,12.254233364856436]]]}"
14,-29.249555896437847,-24.911586331023,-26.19523343285448,-22.99049995918527,-32.266888720097846,-28.881224662659925,-27.33828241430875,-26.24955114038645,-28.798954483761435,-27.867748921403297,-25.793705704654908,-24.847175068000922,-31.98793211234619,-26.821791469489927,-29.25424955220298,-30.072006453495366,-25.901467523361436,-23.517021490482563,-28.46507320588243,-27.75195547702498,-26.090801824562355,-25.27819545175326,-25.75139476557601,-25.563528651289506,-25.91227067506779,-28.063382518017555,-27.323685051060675,-26.426570823493112,-28.677636384478525,-23.257131775046762,-26.288004581064865,-21.510041123726925,-24.885865370470544,-25.70627679210533,-27.342329084094548,-27.34904509748921,-27.255822059873896,-26.703859939121898,-27.363696637325155,-25.874571585147017,-24.57934907859111,-28.021210792793095,-27.441180527488743,-29.029876868909955,-26.785594023645416,-23.83533563815142,-23.885776362443476,-21.920549762777608,-22.57229899955327,-22.803873687690928,-25.029102279787043,-25.781475634988738,-25.57729716545394,-25.941054365224897,-27.55679700900189,-24.96271481095871,-27.404012750536367,-23.862465871874726,-25.904082930538813,-25.465600225430652,-27.19397593207259,-23.153658491464206,-28.064447932479176,-24.15075361247116,-26.349063143324067,-28.48381898609771,-25.791270415077328,-25.933436673038216,-26.702595901418864,-28.2056488827026,-26.39940500669969,-24.964993216898065,-27.890330774971925,-25.62400517191099,-29.21717134656674,-26.636835190356344,-24.512505947267233,-25.525730665972734,-24.27549445103469,-26.67938338484578,-29.296937536319863,-25.666003264829826,-21.472768918682412,-26.74103763334284,-24.93365691120469,-24.04197649953446,-26.708372354072292,-27.756679988921324,-25.72212465796911,-25.671956353900864,-26.63456038141075,-27.160789505978645,-25.694177838926144,-26.814643091373302,-27.398152818671015,-24.104639865563925,-28.035892424289294,-24.647283919546762,-27.960502930865573,-28.00001365680971,-29.034196280815088,-26.974299829021977,-26.741702300356707,-29.7907313883245,-24.949931482342883,-27.934069836759317,-24.151840891336153,-24.025063131440508,-22.60630104895415,-25.91298358797347,-25.63965266612135,-24.538554721139757,-24.475778436833586,-26.97193686582676,-25.743883607978933,-28.384368383952562,-25.670760862904075,-30.89955095781509,-25.350359988829428,-27.885017519185833,-27.346851481546697,"{""geodesic"":false,""type"":""Polygon"",""coordinates"":[[[-16.384729904808633,12.308568322966202],[-16.384461683907144,12.308568322966202],[-16.384461683907144,12.308908994891224],[-16.384729904808633,12.308908994891224],[-16.384729904808633,12.308568322966202]]]}"
15,-29.42911625303007,-29.18223582048582,-26.949337703266163,-26.304249861314812,-25.913792173155063,-31.563678476998664,-27.194862576607655,-33.085059053308356,-29.738692833355195,-27.228161202595025,-28.66481989076298,-25.9669481352023,-29.75253364410944,-25.944846555852052,-23.13271917781002,-25.49313539010854,-26.636198603886903,-28.3347448660599,-23.483189720908538,-22.619445060640604,-26.781745069279133,-20.858137383125726,-21.085981709960585,-19.586332306997377,-23.998767100405626,-23.164406705878307,-25.034993714442997,-26.517722441893252,-29.7959169935022,-22.44269428851076,-27.910069233717326,-26.727411880866686,-26.812146360244103,-28.599534922458023,-29.532913057250408,-28.263417093763717,-28.573456392603443,-26.386750174372757,-27.7202869926908,-28.07445655679407,-28.73068516621981,-28.02287790218527,-28.42981266202262,-28.244406737581247,-25.308923171542062,-29.085783451416944,-26.587215420610324,-25.632038356679143,-25.851391381818505,-22.449970914983215,-21.9166682568522,-23.53081643222564,-21.54530584399301,-20.27898847981189,-20.19896862701531,-19.251097194788397,-20.377864535141985,-24.39661622771992,-21.99874803456021,-21.307022498241675,-26.58202711927038,-25.86856624034604,-26.750534875310333,-28.05675597252959,-25.279515125065874,-27.384565154817984,-28.011792985471224,-26.341229437459564,-27.848685583364162,-27.628766400344738,-28.32391876168989,-26.602941673499465,-28.7554816116645,-26.09880210072177,-27.27371599834488,-27.680170743461158,-27.862466513374024,-25.44995415661433,-23.355663846249602,-24.133130076249376,-27.436812817688203,-24.485486381407625,-24.51106341904928,-22.557985783015603,-20.885959494354378,-20.83267628652932,-20.52772019200266,-24.70725073769603,-26.32855873942787,-26.921786270517526,-23.301268464032646,-26.300482267381252,-26.93801202581543,-27.250003735658552,-27.258125257501526,-28.356786653176233,-29.897726266034947,-26.466000793200784,-28.029955857724268,-27.09821390514819,-28.22975499630291,-27.392369164739016,-28.072053094765305,-27.605253380692528,-26.97520955340111,-25.405848840380813,-25.022128337710107,-26.865878646031074,-25.24206501336607,-22.56907344565189,-21.394379972681353,-23.250265540115837,-27.515885627171905,-24.041319976651174,-23.62688568787076,-23.890440009418437,-21.16422305881331,-23.08841535666823,-25.79522716298214,-23.319699133963024,-24.926253197692287,"{""geodesic"":false,""type"":""Polygon"",""coordinates"":[[[-16.219353626205198,12.312918351312806],[-16.2187957267301,12.312918351312806],[-16.2187957267301,12.313442453099716],[-16.219353626205198,12.313442453099716],[-16.219353626205198,12.312918351312806]]]}"
